category,V,E,density,avg_degree
Electronics,720,3144,0.012146499768196569,8.733333333333333
All_Beauty,58,236,0.14277071990320628,8.137931034482758
Home_and_Kitchen,579,3849,0.023002312781253923,13.295336787564766
